1533617499114363319,group1/M00/00/04/wKgEvVv9-RCAdEQ1ACI_eoJBtiE431.png
1533617497775902412,group1/M00/00/04/wKgEvVv9-RCALShdACI62ZLbpYE064.png
1533617496110642433,group1/M00/00/04/wKgEvVv9-RCAc05zACGaJwiq7Po006.png
1533617496797410357,group1/M00/00/04/wKgEvVv9-RCAZfIQACHR0L9NZUM061.png
1533617496442569046,group1/M00/00/04/wKgEvVv9-RCAWQPZACHEY5CI_0k913.png
1533617498442597636,group1/M00/00/04/wKgEvVv9-RCAACUNACMUARqRNbE167.png
1533617497442570302,group1/M00/00/04/wKgEvVv9-RCAJdCwACHRyVt5ZCU242.png
1533617498109542265,group1/M00/00/04/wKgEvVv9-RCAUjXEACK82nxCJNQ624.png
1533617497109620473,group1/M00/00/04/wKgEvVv9-RCAFZPYACGaJyiFDsQ169.png
1533617498775922440,group1/M00/00/04/wKgEvVv9-RCATGQvACJcRi824u4827.png
1533617499176017172,group1/M00/00/04/wKgEvVv9-ROAdzqnACJXWOR4Zsw023.png
1533617496177171093,group1/M00/00/04/wKgEvVv9-RSABSvbACG0L_Zm6mw330.png
1533617497842551687,group1/M00/00/04/wKgEvVv9-RSAEfEzACJjwfuQ9Wg979.png
1533617496509083567,group1/M00/00/04/wKgEvVv9-RSAEKWCACGyyvbw0h8412.png
1533617498509284592,group1/M00/00/04/wKgEvVv9-RSAcadPACNK-yjChdw225.png
1533617497176406609,group1/M00/00/04/wKgEvVv9-RSAEpnQACG2SEcWL40694.png
1533617496844417904,group1/M00/00/04/wKgEvVv9-RSAPg0NACHsTjkegQk227.png
1533617498176998876,group1/M00/00/04/wKgEvVv9-RSAZXgxACK6QgbDxBQ691.png
1533617497509005357,group1/M00/00/04/wKgEvVv9-RSAHEQ2ACHRA0tAlDQ682.png
1533617498842509924,group1/M00/00/04/wKgEvVv9-RSARPHWACKY8NkIdNc085.png
1533617499242529560,group1/M00/00/04/wKgEvVv9-RaAC281ACJ_xVNt52o840.png
1533617498576201790,group1/M00/00/04/wKgEvVv9-RiAPAroACMf1vka8M4342.png
1533617496243076885,group1/M00/00/04/wKgEvVv9-RiADuT6ACGkFP7JlRM562.png
1533617498243118299,group1/M00/00/05/wKgEvVv9-RiAZnmqACJi0X8X7u0931.png
1533617497575761604,group1/M00/00/05/wKgEvVv9-RiASVhtACHQo4EVbXA465.png
1533617496576226718,group1/M00/00/05/wKgEvVv9-RiAIwBCACG5JaJS_qU360.png
1533617497242433981,group1/M00/00/05/wKgEvVv9-RiAcSkGACHDBV7V87o716.png
1533617497909321869,group1/M00/00/04/wKgEvVv9-RiAU1-_ACKOkNpfExw598.png
1533617496909460427,group1/M00/00/05/wKgEvVv9-RiAFhvoACHdvFnOb_M755.png
1533617498913906724,group1/M00/00/05/wKgEvVv9-RiAX8aAACLCl8MEbS4624.png
1533617498642783489,group1/M00/00/05/wKgEvVv9-RuAQ-kHACJ-b5kY7gU984.png
1533617496312632333,group1/M00/00/05/wKgEvVv9-RuAC2rhACGxmhmSVt0849.png
1533617497310940700,group1/M00/00/05/wKgEvVv9-RuAJpCOACHgADqwch4677.png
1533617498311435972,group1/M00/00/05/wKgEvVv9-RuAde-oACKz28wIxSM144.png
1533617497645074204,group1/M00/00/05/wKgEvVv9-RuASi6iACG64DO9EcI933.png
1533617496642638415,group1/M00/00/05/wKgEvVv9-RyAC3MIACGvZ29YjPI403.png
1533617498976514254,group1/M00/00/05/wKgEvVv9-RyAFGGYACKkQxU1tnU959.png
1533617496978349276,group1/M00/00/05/wKgEvVv9-RyAVs8sACHd8MG1EBU229.png
1533617497977852409,group1/M00/00/05/wKgEvVv9-RyAUjbNACK2TIL0a0I552.png
1533617498709887835,group1/M00/00/05/wKgEvVv9-R6AYdzOACIxP-Yjj2g686.png
1533617497376100191,group1/M00/00/05/wKgEvVv9-R6ASot_ACHp1rZvPTs700.png
1533617496376083445,group1/M00/00/05/wKgEvVv9-R-AfQkfACG07XaFa_s092.png
1533617498375912382,group1/M00/00/05/wKgEvVv9-R-AOH_mACLHOJgrO2I973.png
1533617497042878963,group1/M00/00/05/wKgEvVv9-R-AI0bTACHwcqAzY4c560.png
1533617496709436646,group1/M00/00/05/wKgEvVv9-R-ACvVEACG8a3PKC50476.png
1533617499042620693,group1/M00/00/05/wKgEvVv9-R-AaO9pACJcmXxQkkk357.png
1533617497709237405,group1/M00/00/05/wKgEvVv9-R-AMvJ0ACHI4Oncen4577.png
1533617498042493484,group1/M00/00/05/wKgEvVv9-R-AYgquACLgae5Y-JU922.png
